epoch,mse,err_x,lr,noise_x,noise_y
1,0.00017873,0.01070842,0.00100000,0.02000000,0.01000000
2,0.00017331,0.01135228,0.00099976,0.02266667,0.01116667
3,0.00021536,0.01265582,0.00099902,0.02533333,0.01233333
4,0.00025869,0.01384166,0.00099780,0.02800000,0.01350000
5,0.00028915,0.01452486,0.00099610,0.03066667,0.01466667
6,0.00037453,0.01674964,0.00099391,0.03333333,0.01583333
7,0.00033712,0.01523914,0.00099123,0.03600000,0.01700000
8,0.00013059,0.00873408,0.00098808,0.03866667,0.01816667
9,0.00001079,0.00230154,0.00098445,0.04133333,0.01933333
10,0.00000488,0.00155463,0.00098035,0.04400000,0.02050000
11,0.00001611,0.00233523,0.00097577,0.04666667,0.02166667
12,0.00001101,0.00185027,0.00097074,0.04933333,0.02283333
13,0.00000427,0.00120009,0.00096524,0.05200000,0.02400000
14,0.00005331,0.00360070,0.00095929,0.05466667,0.02516667
15,0.00000298,0.00109764,0.00095289,0.05733333,0.02633333
16,0.00000376,0.00125586,0.00094605,0.06000000,0.02750000
17,0.00000940,0.00196994,0.00093877,0.06266667,0.02866667
18,0.00001082,0.00190434,0.00093107,0.06533333,0.02983333
19,0.00001860,0.00228983,0.00092294,0.06800000,0.03100000
20,0.00000106,0.00072361,0.00091440,0.07066667,0.03216667
21,0.00001168,0.00217413,0.00090546,0.07333333,0.03333333
22,0.00000718,0.00170479,0.00089613,0.07600000,0.03450000
23,0.00001423,0.00230633,0.00088640,0.07866667,0.03566667
24,0.00000984,0.00182987,0.00087630,0.08133333,0.03683333
25,0.00001658,0.00269946,0.00086584,0.08400000,0.03800000
26,0.00000630,0.00156013,0.00085502,0.08666667,0.03916667
27,0.00001444,0.00256539,0.00084385,0.08933333,0.04033333
28,0.00000916,0.00213918,0.00083235,0.09200000,0.04150000
29,0.00001758,0.00256221,0.00082052,0.09466667,0.04266667
30,0.00001060,0.00219135,0.00080839,0.09733333,0.04383333
31,0.00000638,0.00183629,0.00079595,0.10000000,0.04500000
32,0.00003130,0.00323009,0.00078323,0.10266667,0.04616667
33,0.00001028,0.00223987,0.00077023,0.10533333,0.04733333
34,0.00000488,0.00152949,0.00075698,0.10800000,0.04850000
35,0.00000764,0.00202369,0.00074347,0.11066667,0.04966667
36,0.00000889,0.00208668,0.00072973,0.11333333,0.05083333
37,0.00001061,0.00238024,0.00071576,0.11600000,0.05200000
38,0.00000987,0.00220270,0.00070159,0.11866667,0.05316667
39,0.00002847,0.00334162,0.00068722,0.12133333,0.05433333
40,0.00000506,0.00158965,0.00067268,0.12400000,0.05550000
41,0.00000926,0.00212712,0.00065796,0.12666667,0.05666667
42,0.00001160,0.00240087,0.00064310,0.12933333,0.05783333
43,0.00002403,0.00318767,0.00062810,0.13200000,0.05900000
44,0.00000620,0.00179512,0.00061298,0.13466667,0.06016667
45,0.00000746,0.00195678,0.00059775,0.13733333,0.06133333
46,0.00000961,0.00212326,0.00058244,0.14000000,0.06250000
47,0.00000981,0.00221978,0.00056704,0.14266667,0.06366667
48,0.00001915,0.00278466,0.00055158,0.14533333,0.06483333
49,0.00001009,0.00230286,0.00053608,0.14800000,0.06600000
50,0.00001193,0.00248358,0.00052055,0.15066667,0.06716667
51,0.00000625,0.00181315,0.00050500,0.15333333,0.06833333
52,0.00003494,0.00338612,0.00048945,0.15600000,0.06950000
53,0.00000543,0.00156586,0.00047392,0.15866667,0.07066667
54,0.00000480,0.00150735,0.00045842,0.16133333,0.07183333
55,0.00000842,0.00200131,0.00044296,0.16400000,0.07300000
56,0.00000613,0.00176167,0.00042756,0.16666667,0.07416667
57,0.00001580,0.00248390,0.00041225,0.16933333,0.07533333
58,0.00001882,0.00256152,0.00039702,0.17200000,0.07650000
59,0.00000657,0.00170221,0.00038190,0.17466667,0.07766667
60,0.00001098,0.00228446,0.00036690,0.17733333,0.07883333
61,0.00001448,0.00254662,0.00035204,0.18000000,0.08000000
62,0.00002293,0.00299928,0.00033732,0.18000000,0.08000000
63,0.00000405,0.00133484,0.00032278,0.18000000,0.08000000
64,0.00000464,0.00151738,0.00030841,0.18000000,0.08000000
65,0.00000363,0.00136428,0.00029424,0.18000000,0.08000000
66,0.00000444,0.00150910,0.00028027,0.18000000,0.08000000
67,0.00000478,0.00153696,0.00026653,0.18000000,0.08000000
68,0.00000355,0.00128073,0.00025302,0.18000000,0.08000000
69,0.00001117,0.00200281,0.00023977,0.18000000,0.08000000
70,0.00000133,0.00081451,0.00022677,0.18000000,0.08000000
71,0.00000147,0.00088477,0.00021405,0.18000000,0.08000000
72,0.00000128,0.00083046,0.00020161,0.18000000,0.08000000
73,0.00000154,0.00091737,0.00018948,0.18000000,0.08000000
74,0.00000242,0.00098405,0.00017765,0.18000000,0.08000000
75,0.00000134,0.00084750,0.00016615,0.18000000,0.08000000
76,0.00000097,0.00073740,0.00015498,0.18000000,0.08000000
77,0.00000111,0.00074945,0.00014416,0.18000000,0.08000000
78,0.00000132,0.00082595,0.00013370,0.18000000,0.08000000
79,0.00000079,0.00065522,0.00012360,0.18000000,0.08000000
80,0.00000047,0.00052304,0.00011387,0.18000000,0.08000000
81,0.00000101,0.00069057,0.00010454,0.18000000,0.08000000
82,0.00000070,0.00059815,0.00009560,0.18000000,0.08000000
83,0.00000046,0.00050265,0.00008706,0.18000000,0.08000000
84,0.00000042,0.00048850,0.00007893,0.18000000,0.08000000
85,0.00000045,0.00049845,0.00007123,0.18000000,0.08000000
86,0.00000032,0.00043340,0.00006395,0.18000000,0.08000000
87,0.00000034,0.00044983,0.00005711,0.18000000,0.08000000
88,0.00000034,0.00043408,0.00005071,0.18000000,0.08000000
89,0.00000026,0.00038968,0.00004476,0.18000000,0.08000000
90,0.00000021,0.00034712,0.00003926,0.18000000,0.08000000
91,0.00000027,0.00038720,0.00003423,0.18000000,0.08000000
92,0.00000019,0.00033514,0.00002965,0.18000000,0.08000000
93,0.00000019,0.00032791,0.00002555,0.18000000,0.08000000
94,0.00000018,0.00031941,0.00002192,0.18000000,0.08000000
95,0.00000018,0.00032190,0.00001877,0.18000000,0.08000000
96,0.00000016,0.00030620,0.00001609,0.18000000,0.08000000
97,0.00000016,0.00030089,0.00001390,0.18000000,0.08000000
98,0.00000015,0.00029284,0.00001220,0.18000000,0.08000000
99,0.00000015,0.00029317,0.00001098,0.18000000,0.08000000
100,0.00000015,0.00029268,0.00001024,0.18000000,0.08000000
